ADP,OCR,SUB,dpsi
0,62.8,GM,160
25,205,GM,148
50,293.4433333,GM,144
75,342.1,GM,142
100,355.0666667,GM,141
150,361.2,GM,141
250,366.2266667,GM,141
0,50.32666667,PM,182
25,138.3403333,PM,168
50,155.5366667,PM,164
75,180.7666667,PM,162
100,188.8633333,PM,161
150,194.0323333,PM,160
250,182.2233333,PM,159
0,162.11,SUC,188
25,399.6571429,SUC,161
50,473.6390476,SUC,159
75,517.3461905,SUC,156
100,543.9204762,SUC,150
150,551.1490476,SUC,150
250,551.242381,SUC,150
